Linker,sequence
L1,ctcgttacttacgacaCTCCGAGACAGTCAGAGGGTAtttattgaactagtcc
L2,ctcgatcggtgtgaaaAGTCAGTATCCAGTCGTGTAGttcttattacctgtcc
L3,ctcgatcacggcactaCACTCGTTGCTTTATCGGTATtgttattacagagtcc
L4,ctcgagaagtagtgccACAGACAGTATTGCTTACGAGttgatttatcctgtcc
L5,ctcggtattgtaaagcACGAAACCTACGATAAGAGTGtcagttctccttgtcc
L6,ctcgaacttttacgggTGCCGACTCACTATTACAGACttactacaatctgtcc
LMP,ctcgggtaagaactcgCACTTCGTGGAAACACTATTAtctggtgggtctctgtcc
LMS,ctcgggagacctatcgGTAATAACAGTCCAATCTGGTGTaacttcggaatcgtcc
UTR1-RBS1,ctcgttgaacaccgtcTCAGGTAAGTATCAGTTGTAAatcacacaggactagtcc
UTR1-RBS2,ctcgttgaacaccgtcTCAGGTAAGTATCAGTTGTAAaaagaggggaaatagtcc
UTR1-RBS3,ctcgttgaacaccgtcTCAGGTAAGTATCAGTTGTAAaaagaggagaaatagtcc
UTR1-RBS-A01,ctcgttgaacaccgtcTCAGGTAAGTATCAGTTGTAAatctggggaggtagtcc
UTR1-RBS-A02,ctcgttgaacaccgtcTCAGGTAAGTATCAGTTGTAAatccggggaggtagtcc
UTR1-RBS-A03,ctcgttgaacaccgtcTCAGGTAAGTATCAGTTGTAAatctgaggaggtagtcc
UTR1-RBS-A04,ctcgttgaacaccgtcTCAGGTAAGTATCAGTTGTAAatccagggaggtagtcc
UTR1-RBS-A05,ctcgttgaacaccgtcTCAGGTAAGTATCAGTTGTAAatcccgggaggtagtcc
UTR1-RBS-A06,ctcgttgaacaccgtcTCAGGTAAGTATCAGTTGTAAatccgaggaggtagtcc
UTR1-RBS-A07,ctcgttgaacaccgtcTCAGGTAAGTATCAGTTGTAAatctcaggaggtagtcc
UTR1-RBS-A08,ctcgttgaacaccgtcTCAGGTAAGTATCAGTTGTAAatccaaggaggtagtcc
UTR1-RBS-A09,ctcgttgaacaccgtcTCAGGTAAGTATCAGTTGTAAatctagggaggtagtcc
UTR1-RBS-A10,ctcgttgaacaccgtcTCAGGTAAGTATCAGTTGTAAatcccaggaggtagtcc
UTR1-RBS-A11,ctcgttgaacaccgtcTCAGGTAAGTATCAGTTGTAAatctcgggaggtagtcc
UTR1-RBS-A12,ctcgttgaacaccgtcTCAGGTAAGTATCAGTTGTAAatctaaggaggtagtcc
UTR2-RBS1,ctcgtgttactattggCTGAGATAAGGGTAGCAGAAAatcacacaggactagtcc
UTR2-RBS2,ctcgtgttactattggCTGAGATAAGGGTAGCAGAAAaaagaggggaaatagtcc
UTR2-RBS3,ctcgtgttactattggCTGAGATAAGGGTAGCAGAAAaaagaggagaaatagtcc
UTR2-RBS-A01,ctcgtgttactattggCTGAGATAAGGGTAGCAGAAAatctggggaggtagtcc
UTR2-RBS-A02,ctcgtgttactattggCTGAGATAAGGGTAGCAGAAAatccggggaggtagtcc
UTR2-RBS-A03,ctcgtgttactattggCTGAGATAAGGGTAGCAGAAAatctgaggaggtagtcc
UTR2-RBS-A04,ctcgtgttactattggCTGAGATAAGGGTAGCAGAAAatccagggaggtagtcc
UTR2-RBS-A05,ctcgtgttactattggCTGAGATAAGGGTAGCAGAAAatcccgggaggtagtcc
UTR2-RBS-A06,ctcgtgttactattggCTGAGATAAGGGTAGCAGAAAatccgaggaggtagtcc
UTR2-RBS-A07,ctcgtgttactattggCTGAGATAAGGGTAGCAGAAAatctcaggaggtagtcc
UTR2-RBS-A08,ctcgtgttactattggCTGAGATAAGGGTAGCAGAAAatccaaggaggtagtcc
UTR2-RBS-A09,ctcgtgttactattggCTGAGATAAGGGTAGCAGAAAatctagggaggtagtcc
UTR2-RBS-A10,ctcgtgttactattggCTGAGATAAGGGTAGCAGAAAatcccaggaggtagtcc
UTR2-RBS-A11,ctcgtgttactattggCTGAGATAAGGGTAGCAGAAAatctcgggaggtagtcc
UTR2-RBS-A12,ctcgtgttactattggCTGAGATAAGGGTAGCAGAAAatctaaggaggtagtcc
UTR3-RBS1,ctcggtatctcgtggtCTGACGGTAAAATCTATTGTAatcacacaggactagtcc
UTR3-RBS2,ctcggtatctcgtggtCTGACGGTAAAATCTATTGTAaaagaggggaaatagtcc
UTR3-RBS3,ctcggtatctcgtggtCTGACGGTAAAATCTATTGTAaaagaggagaaatagtcc
UTR3-RBS-A01,ctcggtatctcgtggtCTGACGGTAAAATCTATTGTAatctggggaggtagtcc
UTR3-RBS-A02,ctcggtatctcgtggtCTGACGGTAAAATCTATTGTAatccggggaggtagtcc
UTR3-RBS-A03,ctcggtatctcgtggtCTGACGGTAAAATCTATTGTAatctgaggaggtagtcc
UTR3-RBS-A04,ctcggtatctcgtggtCTGACGGTAAAATCTATTGTAatccagggaggtagtcc
UTR3-RBS-A05,ctcggtatctcgtggtCTGACGGTAAAATCTATTGTAatcccgggaggtagtcc
UTR3-RBS-A06,ctcggtatctcgtggtCTGACGGTAAAATCTATTGTAatccgaggaggtagtcc
UTR3-RBS-A07,ctcggtatctcgtggtCTGACGGTAAAATCTATTGTAatctcaggaggtagtcc
UTR3-RBS-A08,ctcggtatctcgtggtCTGACGGTAAAATCTATTGTAatccaaggaggtagtcc
UTR3-RBS-A09,ctcggtatctcgtggtCTGACGGTAAAATCTATTGTAatctagggaggtagtcc
UTR3-RBS-A10,ctcggtatctcgtggtCTGACGGTAAAATCTATTGTAatcccaggaggtagtcc
UTR3-RBS-A11,ctcggtatctcgtggtCTGACGGTAAAATCTATTGTAatctcgggaggtagtcc
UTR3-RBS-A12,ctcggtatctcgtggtCTGACGGTAAAATCTATTGTAatctaaggaggtagtcc
UTR1-RBS-AM12,ctcgttgaacaccgtcTCAGGTAAGTATCAGTTGTAAatcYVRGGAGGtagtcc
UTR1-RBS-AM24,ctcgttgaacaccgtcTCAGGTAAGTATCAGTTGTAAatcYVRGGRGGtagtcc
UTR2-RBS-AM12,ctcgtgttactattggCTGAGATAAGGGTAGCAGAAAatcYVRGGAGGtagtcc
UTR2-RBS-AM24,ctcgtgttactattggCTGAGATAAGGGTAGCAGAAAatcYVRGGRGGtagtcc
UTR3-RBS-AM12,ctcggtatctcgtggtCTGACGGTAAAATCTATTGTAatcYVRGGAGGtagtcc
UTR3-RBS-AM24,ctcggtatctcgtggtCTGACGGTAAAATCTATTGTAatcYVRGGRGGtagtcc
LF1,CTCGGGCTCGGGCTCCGAAAACTTGTACTTCCAGGGATCGGGCTCCGGGTCC
LF2,CTCGGGCTCGGGCTCCCTGGAAGTTCTGTTTCAAGGTCCATCGGGCTCCGGGTCC
LF3,CTCGGGCTCGGGCTCCGGATCTGGTTCAGGTTCAGGATCGGGCTCCGGGTCC
LF4,CTCGGGCTCGGGCTCCGGATCAGGATCTGGTTCAGGTTCAGGATCGGGCTCCGGGTCC
LF5,CTCGGGCTCGGGCTCCGGATCAGGATCTGGTTCAGGTTCAGGATCAGGATCGGGCTCCGGGTCC
LF6,CTCGGCCGAAGCGGCTGCTAAAGAAGCAGCTGCTAAAGAGGCGGCCGCCAAGGCAGGGTCC
